{"model_results": {"latest_long": [1.0, 0.9714285714285714, 0.8857142857142857, 0.8571428571428571, 0.08571428571428572, 0.0], "telephony": [1.0, 0.9428571428571428, 0.9142857142857143, 0.9142857142857143, 0.3142857142857143, 0.0], "chirp": [1.0, 0.9428571428571428, 0.9428571428571428, 0.8, 0.7714285714285715, 0.0], "whisper.base.en": [1.0, 0.9714285714285714, 0.9428571428571428, 0.8285714285714286, 0.42857142857142855, 0.08571428571428572], "whisper.small.en": [1.0, 0.9714285714285714, 0.9142857142857143, 0.8857142857142857, 0.8, 0.05714285714285714], "whisper.medium.en": [1.0, 0.9714285714285714, 0.9428571428571428, 0.9428571428571428, 0.7428571428571429, 0.0], "whisper.large": [1.0, 1.0, 0.9714285714285714, 0.8571428571428571, 0.8285714285714286, 0.0]}, "time": "2024-06-06 05:05:54.475496"}