{"model_results": {"latest_long": [0.9833333333333333, 1.0, 0.85, 0.85, 0.1, 0.0], "latest_short": [0.75, 0.0, 0.0, 0.0, 0.0, 0.0], "telephony": [1.0, 0.9666666666666667, 0.8666666666666667, 0.9, 0.23333333333333334, 0.0], "medical_dictation": [0.7666666666666667, 0.9, 0.85, 0.8166666666666667, 0.11666666666666667, 0.0], "medical_conversation": [0.8333333333333334, 0.9, 0.8166666666666667, 0.6166666666666667, 0.1, 0.0], "chirp": [0.9833333333333333, 0.9166666666666666, 0.95, 0.7666666666666667, 0.6666666666666666, 0.0]}, "time": "2023-12-20 18:18:44.632174"}